Workbook

Sheet Ventes
A1: Date | B1: Produit | C1: Vendeur | D1: Quantité | E1: Montant en F | F1: Moyen de paiement
A2: 46296 | B2: Huile 1 L | C2: Carine | D2: 1 | E2: 1500 | F2: Espèces
A3: 46297 | B3: Sucre 1 kg | C3: Awa | D3: 1 | E3: 800 | F3: MTN MoMo
A4: 46298 | B4: Sucre 1 kg | C4: Awa | D4: 2 | E4: 1600 | F4: Espèces
A5: 46299 | B5: Sucre 1 kg | C5: Carine | D5: 5 | E5: 4000 | F5: Orange Money
A6: 46299 | B6: Huile 1 L | C6: Carine | D6: 2 | E6: 3000 | F6: MTN MoMo
A7: 46300 | B7: Savon | C7: Awa | D7: 2 | E7: 1000 | F7: Espèces
A8: 46301 | B8: Huile 1 L | C8: Boris | D8: 1 | E8: 1500 | F8: Orange Money
A9: 46302 | B9: Sucre 1 kg | C9: Carine | D9: 2 | E9: 1600 | F9: Orange Money
A10: 46303 | B10: Sucre 1 kg | C10: Carine | D10: 2 | E10: 1600 | F10: Orange Money
A11: 46304 | B11: Savon | C11: Boris | D11: 2 | E11: 1000 | F11: Espèces
A12: 46305 | B12: Sucre 1 kg | C12: Boris | D12: 5 | E12: 4000 | F12: Orange Money
A13: 46306 | B13: Huile 1 L | C13: Awa | D13: 1 | E13: 1500 | F13: Orange Money
... A37: 46325 | B37: Huile 1 L | C37: Boris | D37: 3 | E37: 4500 | F37: Espèces

Sheet Produits
A1: Filtre | F1: Filtre
A3: Produit | B3: Somme - Montant en F | D3: Contrôle SOMME.SI | F3: Produit | G3: Somme - Quantité
A4: Huile 1 L | B4: 22500 | D4: =SUMIF(Ventes!$B$2:$B$37,A4,Ventes!$E$2:$E$37) -> 22500 | F4: Huile 1 L | G4: 15 | I4: =SUMIF(Ventes!$B$2:$B$37,"Huile 1 L",Ventes!$D$2:$D$37) -> 15
A5: Lait en poudre | B5: 15000 | D5: =SUMIF(Ventes!$B$2:$B$37,A5,Ventes!$E$2:$E$37) -> 15000 | F5: Lait en poudre | G5: 6 | I5: =SUMIF(Ventes!$B$2:$B$37,"Lait en poudre",Ventes!$D$2:$D$37) -> 6
A6: Riz 5 kg | B6: 12000 | D6: =SUMIF(Ventes!$B$2:$B$37,A6,Ventes!$E$2:$E$37) -> 12000 | F6: Riz 5 kg | G6: 3 | I6: =SUMIF(Ventes!$B$2:$B$37,"Riz 5 kg",Ventes!$D$2:$D$37) -> 3
A7: Savon | B7: 15500 | D7: =SUMIF(Ventes!$B$2:$B$37,A7,Ventes!$E$2:$E$37) -> 15500 | F7: Savon | G7: 31 | I7: =SUMIF(Ventes!$B$2:$B$37,"Savon",Ventes!$D$2:$D$37) -> 31
A8: Sucre 1 kg | B8: 26400 | D8: =SUMIF(Ventes!$B$2:$B$37,A8,Ventes!$E$2:$E$37) -> 26400 | F8: Sucre 1 kg | G8: 33 | I8: =SUMIF(Ventes!$B$2:$B$37,"Sucre 1 kg",Ventes!$D$2:$D$37) -> 33
A9: Total Résultat | B9: 91400 | D9: =SUM(Ventes!$E$2:$E$37) -> 91400 | F9: Total Résultat | G9: 88

Sheet Vendeurs
A1: Filtre
A3: Vendeur | B3: Somme - Montant en F | C3: Contrôle SOMME.SI | E3: Articles SOMME.SI
A4: Awa | B4: 31900 | C4: =SUMIF(Ventes!$C$2:$C$37,A4,Ventes!$E$2:$E$37) -> 31900 | E4: =SUMIF(Ventes!$C$2:$C$37,A4,Ventes!$D$2:$D$37) -> 25
A5: Boris | B5: 35700 | C5: =SUMIF(Ventes!$C$2:$C$37,A5,Ventes!$E$2:$E$37) -> 35700 | E5: =SUMIF(Ventes!$C$2:$C$37,A5,Ventes!$D$2:$D$37) -> 39
A6: Carine | B6: 23800 | C6: =SUMIF(Ventes!$C$2:$C$37,A6,Ventes!$E$2:$E$37) -> 23800 | E6: =SUMIF(Ventes!$C$2:$C$37,A6,Ventes!$D$2:$D$37) -> 24
A7: Total Résultat | B7: 91400 | C7: =SUM(Ventes!$E$2:$E$37) -> 91400

Sheet Paiements
A1: Filtre
A3: Moyen de paiement | B3: Somme - Montant en F | C3: Contrôle SOMME.SI | E3: Articles SOMME.SI
A4: Espèces | B4: 28600 | C4: =SUMIF(Ventes!$F$2:$F$37,A4,Ventes!$E$2:$E$37) -> 28600 | E4: =SUMIF(Ventes!$F$2:$F$37,A4,Ventes!$D$2:$D$37) -> 25
A5: MTN MoMo | B5: 26400 | C5: =SUMIF(Ventes!$F$2:$F$37,A5,Ventes!$E$2:$E$37) -> 26400 | E5: =SUMIF(Ventes!$F$2:$F$37,A5,Ventes!$D$2:$D$37) -> 26
A6: Orange Money | B6: 36400 | C6: =SUMIF(Ventes!$F$2:$F$37,A6,Ventes!$E$2:$E$37) -> 36400 | E6: =SUMIF(Ventes!$F$2:$F$37,A6,Ventes!$D$2:$D$37) -> 37
A7: Total Résultat | B7: 91400 | C7: =SUM(Ventes!$E$2:$E$37) -> 91400
A11: Filtre
A13: Moyen de paiement | B13: Compter - Date | C13: Contrôle NB.SI
A14: Espèces | B14: 11 | C14: =COUNTIF(Ventes!$F$2:$F$37,A14) -> 11
A15: MTN MoMo | B15: 10 | C15: =COUNTIF(Ventes!$F$2:$F$37,A15) -> 10
A16: Orange Money | B16: 15 | C16: =COUNTIF(Ventes!$F$2:$F$37,A16) -> 15
A17: Total Résultat | B17: 36 | C17: =COUNT(Ventes!$E$2:$E$37) -> 36

Sheet Croisé
A1: Filtre
A3: Somme - Montant en F | B3: Moyen de paiement | I3: Contrôle SOMME.SI.ENS
A4: Produit | B4: Espèces | C4: MTN MoMo | D4: Orange Money | E4: Total Résultat
A5: Huile 1 L | B5: 7500 | C5: 10500 | D5: 4500 | E5: 22500 | I5: =SUMIFS(Ventes!$E$2:$E$37,Ventes!$B$2:$B$37,"Huile 1 L",Ventes!$F$2:$F$37,"Espèces") -> 7500 | J5: =SUMIFS(Ventes!$E$2:$E$37,Ventes!$B$2:$B$37,"Huile 1 L",Ventes!$F$2:$F$37,"MTN MoMo") -> 10500 | K5: =SUMIFS(Ventes!$E$2:$E$37,Ventes!$B$2:$B$37,"Huile 1 L",Ventes!$F$2:$F$37,"Orange Money") -> 4500
A6: Lait en poudre | C6: 5000 | D6: 10000 | E6: 15000 | I6: =SUMIFS(Ventes!$E$2:$E$37,Ventes!$B$2:$B$37,"Lait en poudre",Ventes!$F$2:$F$37,"Espèces") -> 0 | J6: =SUMIFS(Ventes!$E$2:$E$37,Ventes!$B$2:$B$37,"Lait en poudre",Ventes!$F$2:$F$37,"MTN MoMo") -> 5000 | K6: =SUMIFS(Ventes!$E$2:$E$37,Ventes!$B$2:$B$37,"Lait en poudre",Ventes!$F$2:$F$37,"Orange Money") -> 10000
A7: Riz 5 kg | B7: 12000 | E7: 12000 | I7: =SUMIFS(Ventes!$E$2:$E$37,Ventes!$B$2:$B$37,"Riz 5 kg",Ventes!$F$2:$F$37,"Espèces") -> 12000 | J7: =SUMIFS(Ventes!$E$2:$E$37,Ventes!$B$2:$B$37,"Riz 5 kg",Ventes!$F$2:$F$37,"MTN MoMo") -> 0 | K7: =SUMIFS(Ventes!$E$2:$E$37,Ventes!$B$2:$B$37,"Riz 5 kg",Ventes!$F$2:$F$37,"Orange Money") -> 0
A8: Savon | B8: 7500 | C8: 4500 | D8: 3500 | E8: 15500 | I8: =SUMIFS(Ventes!$E$2:$E$37,Ventes!$B$2:$B$37,"Savon",Ventes!$F$2:$F$37,"Espèces") -> 7500 | J8: =SUMIFS(Ventes!$E$2:$E$37,Ventes!$B$2:$B$37,"Savon",Ventes!$F$2:$F$37,"MTN MoMo") -> 4500 | K8: =SUMIFS(Ventes!$E$2:$E$37,Ventes!$B$2:$B$37,"Savon",Ventes!$F$2:$F$37,"Orange Money") -> 3500
A9: Sucre 1 kg | B9: 1600 | C9: 6400 | D9: 18400 | E9: 26400 | I9: =SUMIFS(Ventes!$E$2:$E$37,Ventes!$B$2:$B$37,"Sucre 1 kg",Ventes!$F$2:$F$37,"Espèces") -> 1600 | J9: =SUMIFS(Ventes!$E$2:$E$37,Ventes!$B$2:$B$37,"Sucre 1 kg",Ventes!$F$2:$F$37,"MTN MoMo") -> 6400 | K9: =SUMIFS(Ventes!$E$2:$E$37,Ventes!$B$2:$B$37,"Sucre 1 kg",Ventes!$F$2:$F$37,"Orange Money") -> 18400
A10: Total Résultat | B10: 28600 | C10: 26400 | D10: 36400 | E10: 91400
A11: Contrôle Sucre | E11: =SUMIF(Ventes!$B$2:$B$37,"Sucre 1 kg",Ventes!$E$2:$E$37) -> 26400

Sheet Jours
A1: Filtre
A3: Date | B3: Somme - Montant en F | D3: Contrôle SOMME.SI
A4: 46296 | B4: 1500 | D4: =SUMIF(Ventes!$A$2:$A$37,A4,Ventes!$E$2:$E$37) -> 1500
A5: 46297 | B5: 800 | D5: =SUMIF(Ventes!$A$2:$A$37,A5,Ventes!$E$2:$E$37) -> 800
A6: 46298 | B6: 1600 | D6: =SUMIF(Ventes!$A$2:$A$37,A6,Ventes!$E$2:$E$37) -> 1600
A7: 46299 | B7: 7000 | D7: =SUMIF(Ventes!$A$2:$A$37,A7,Ventes!$E$2:$E$37) -> 7000
A8: 46300 | B8: 1000 | D8: =SUMIF(Ventes!$A$2:$A$37,A8,Ventes!$E$2:$E$37) -> 1000
A9: 46301 | B9: 1500 | D9: =SUMIF(Ventes!$A$2:$A$37,A9,Ventes!$E$2:$E$37) -> 1500
A10: 46302 | B10: 1600 | D10: =SUMIF(Ventes!$A$2:$A$37,A10,Ventes!$E$2:$E$37) -> 1600
A11: 46303 | B11: 1600 | D11: =SUMIF(Ventes!$A$2:$A$37,A11,Ventes!$E$2:$E$37) -> 1600
A12: 46304 | B12: 1000 | D12: =SUMIF(Ventes!$A$2:$A$37,A12,Ventes!$E$2:$E$37) -> 1000
A13: 46305 | B13: 4000 | D13: =SUMIF(Ventes!$A$2:$A$37,A13,Ventes!$E$2:$E$37) -> 4000
A14: 46306 | B14: 1500 | D14: =SUMIF(Ventes!$A$2:$A$37,A14,Ventes!$E$2:$E$37) -> 1500
A15: 46307 | B15: 8000 | D15: =SUMIF(Ventes!$A$2:$A$37,A15,Ventes!$E$2:$E$37) -> 8000
... A33: 46325 | B33: 4500 | D33: =SUMIF(Ventes!$A$2:$A$37,A33,Ventes!$E$2:$E$37) -> 4500
A34: Total Résultat | B34: 91400
